﻿Designator,Footprint,Quantity,Value,LCSC Part #
"C1, C16, C17, C2, C45",0603,5,1u,
"C10, C11, C12, C13, C15, C20, C21, C22, C24, C25, C30, C31, C32, C37, C42, C43, C8",0402,17,100n,
"C14, C23, C26, C27, C28, C29, C44",0603,7,10u,
"C18, C19",0402,2,10p,
"C3, C4, C5, C6, C9",0805,5,22u,
"C33, C35, C38, C40",0402,4,150p,
"C34, C36, C39, C41",0402,4,1n,
C7,0402,1,DNP,
D1,0603,1,PWR_LED,
D2,LED_RGB_1206,1,LED_GARB_E6C1206RGBC3UDA,
"D3, D4, D5, D6, D7, D8, D9",PESD3V3L1BA_SOD-323,7,PESD3V3L1BA ,
FB1,0603,1,120R,
J2,USB_C_Receptacle_G-Switch_GT-USB-7010ASV,1,USB_C_Receptacle_USB2.0_16P,
"J3, J4",PinHeader_1x02_P2.54mm_Vertical,2,Conn_01x02_Pin,
L1,0603,1,10n,
L2,L_Coilcraft_XAL4020-XXX,1,15u,
R1,0805,1,10R,
"R10, R40, R7, R9",0402,4,10k,
R11,0402,1,1k5,
"R12, R13, R14, R25, R31, R32, R4, R5, R6",0402,9,1k,
"R15, R16, R17, R18, R36",0402,5,49R9,
"R19, R20",0402,2,5k1,
R2,0402,1,100k,
"R22, R38",0603,2,0R,
R24,0805,1,49R9,
"R26, R27",0402,2,2M2,
"R28, R33",0402,2,6k8,
"R29, R3, R34",0402,3,22k,
"R30, R35",0402,2,12k,
R8,0402,1,0R,
U1,SOT-89-3,1,HT7533-1,
"U10, U3, U8, U9",SOT-23-5,4,MCP6001T-E/OT,
U11,VSSOP-10_3x3mm_P0.5mm,1,DAC8562SDGSR,
U2,SOT-23-5,1,TLV62569DBV,
U4,LQFP-48_7x7mm_P0.5mm,1,STM32F103C8Tx,
U5,SOT-23-6,1,USBLC6-2SC6,
U6,SOT-23,1,REF3033AIDBZT,
U7,VSSOP-10_3x3mm_P0.5mm,1,ADC141S626,
Y1,Crystal_SMD_3225-4Pin_3.2x2.5mm,1,16MHz,
